(The) Interpreter Magazine,www.interpretermag.com,-8,HIGH
1600 Daily,www.whitehouse.gov,26,MIXED
2ndVote,2ndvote.com,29,MIXED
680 News,www.680news.com,-3,HIGH
71 Republic,71republic.com,15,HIGH
9 News (Australia),www.9news.com.au,6,HIGH
ABC News Australia,www.abc.net.au,-4,HIGH
ABC News,abcnews.go.com,-13,HIGH
ABC11 Eyewitness News,abc11.com,-11,HIGH
Above the Law,abovethelaw.com,-9,HIGH
ABS-CBN News,news.abs-cbn.com,-5,HIGH
Acculturated,acculturated.com,24,HIGH
Accuracy in Academia (AIA),www.academia.org,28,MIXED
Accuracy in Media (AIM),www.aim.org,30,MIXED
Act.TV,act.tv,-26,HIGH
Acting Man,www.acting-man.com,24,MIXED
Addicting Info,addictinginfo.com,-25,MIXED
Advocate,www.advocate.com,-22,HIGH
Aeon,aeon.co,-10,HIGH
Affinity Magazine,affinitymagazine.us,-15,MIXED
AFP (Agence France Presse),www.afp.com,-5,HIGH
Africa News,www.africanews.com,-2,HIGH
African Arguments,africanarguments.org,-12,HIGH
Against Crony Capitialism,www.ac2news.com,24,MIXED
Agerpres,www.agerpres.ro,-1,HIGH
Ahram Online,english.ahram.org.eg,-2,HIGH
Airwars,airwars.org,-1,HIGH
Akkadian Times,akkadiantimes.com,-22,HIGH
Akron Beacon Journal,www.ohio.com,-9,HIGH
Al Arabiya,english.alarabiya.net,-3,HIGH
Al Bawaba,www.albawaba.com,-3,HIGH
Al Jazeera,www.aljazeera.com,-8,HIGH
Al Majalla,eng.majalla.com,-4,HIGH
Al Monitor,www.al-monitor.com,-13,HIGH
Al-Hayat,www.alhayat.com,-13,HIGH
Al-Masdar News (AMN),www.almasdarnews.com,-13,MIXED
Al-Sura,al-sura.com,-11,MIXED
AL.com (Alabama News),www.al.com,13,HIGH
Alabama Political Reporter,www.alreporter.com,1,HIGH
Alabama Today,altoday.com,-2,HIGH
Alan Guttmacher Institute,www.guttmacher.org,-12,HIGH
Alaska Dispatch News,www.adn.com,-10,HIGH
Albany Democrat Herald,democratherald.com,-2,HIGH
Albany Times-Union,www.timesunion.com,-8,HIGH
Albuquerque Journal,www.abqjournal.com,-5,HIGH
All That’s Fab,www.allthatsfab.com,-28,MIXED
Allen B. West,www.allenbwest.com,29,MIXED
AllGov,www.allgov.com,-1,VERY HIGH
Alliance for Justice (AFJ),www.afj.org,-22,HIGH
Alliance for Securing Democracy,securingdemocracy.gmfus.org,2,HIGH
Allied Progress,alliedprogress.org,-16,HIGH
Alpha News,alphanewsmn.com,24,MIXED
AlterNet,www.alternet.org,-28,MIXED
AltNewsMedia.net,altnewsmedia.net,24,HIGH
AM New York,www.amny.com,-13,HIGH
Amandla,aidc.org.za,-23,HIGH
America Magazine,www.americamagazine.org,-8,HIGH
AmericaBlog,americablog.com,-23,HIGH
American Action Forum,www.americanactionforum.org,14,HIGH
American Bridge 21st Century,americanbridgepac.org,-25,MIXED
American Center for Law and Justice (ACLJ),aclj.org,30,MIXED
American Civil Liberties Union (ACLU),www.aclu.org,-10,HIGH
American Consequences,americanconsequences.com,24,MIXED
American Council on Science and Health,acsh.org,9,HIGH
American Enterprise Institute,www.aei.org,21,MIXED
American Firearms Institute,www.americanfirearms.org,13,HIGH
American Foreign Policy Council (AFPC),www.afpc.org,10,HIGH
American Greatness,amgreatness.com,22,MIXED
American Herald Tribune,ahtribune.com,-12,MIXED
American Heritage,www.americanheritage.com,1,HIGH
American Legislative Exchange Council (ALEC),www.alec.org,24,MIXED
American Liberty Report,www.americanlibertyreport.com,26,MIXED
American Military News,americanmilitarynews.com,27,HIGH
American News 24/7,www.americandailynews.org,30,MIXED
American News Hub,www.americanewshub.com,28,MIXED
American News X,americannewsx.com,-26,MIXED
American Public Media,www.americanpublicmedia.org,-8,HIGH
American Spectator,spectator.org,26,HIGH
American Thinker,www.americanthinker.com,27,MIXED
American United for Separation of Church and State,www.au.org,-18,HIGH
American Web Media (AWM),awm.com,19,MIXED
Americans for Prosperity,americansforprosperity.org,29,MIXED
Americas Quarterly,www.americasquarterly.org,10,HIGH
Ammoland,www.ammoland.com,24,HIGH
Amnesty International,www.amnesty.org,-5,HIGH
Anadolu Agency,www.aa.com.tr,24,MIXED
Angry White Men,angrywhitemen.org,-21,HIGH
Anniston Star,www.annistonstar.com,-16,HIGH
Anthropocene Magazine,www.anthropocenemagazine.org,-4,VERY HIGH
Anthropocene Magazine,www.anthropocenemagazine.org,-4,VERY HIGH
Anti-Defamation League,www.adl.org,-11,HIGH
Anti-Fascist News,antifascistnews.net,-18,MIXED
Anti-War,antiwar.com,16,MIXED
AOL,www.aol.com,-14,HIGH
APM Reports,www.apmreports.org,-10,HIGH
APTN News,aptnnews.ca,-4,HIGH
Ara News,aranews.net,-12,HIGH
Arab News,www.arabnews.com,10,HIGH
Arizona Capitol Times,azcapitoltimes.com,-1,HIGH
Arizona Daily Independent,arizonadailyindependent.com,24,MIXED
Arizona Daily Star,tucson.com,-13,HIGH
Arizona Daily Sun,azdailysun.com,-7,HIGH
Arizona Republic,www.azcentral.com,12,HIGH
Arkansas Democrat-Gazette,www.arkansasonline.com,11,HIGH
Armstrong Economics,www.armstrongeconomics.com,11,HIGH
Arutz Sheva (Israel National News),www.israelnationalnews.com,15,HIGH
Asharq Al-Awsat,english.aawsat.com,1,HIGH
Asheville Citizen-Times,www.citizen-times.com,-7,HIGH
Asia Times,www.atimes.com,-4,HIGH
Asian News International (ANI),www.aninews.in,1,HIGH
Associated Press,apnews.com,-5,VERY HIGH
Assyrian International News Agency,www.aina.org,22,MIXED
Atavist Magazine,magazine.atavist.com,-8,VERY HIGH
Atlanta Black Star,atlantablackstar.com,-15,HIGH
Atlanta Journal-Constitution,www.ajc.com,-13,HIGH
Atlantic Council,www.atlanticcouncil.org,3,HIGH
Atlantic Media,www.atlanticmedia.com,-7,HIGH
ATTN:,www.attn.com,-11,HIGH
Austin American-Statesman,www.statesman.com,-8,HIGH
AutoStraddle,www.autostraddle.com,-23,HIGH
Axios,www.axios.com,-9,HIGH
BackChannel,backchannel.com,-8,VERY HIGH
Backed by Fact,backedbyfact.com,-18,HIGH
Ballotpedia,ballotpedia.org,-1,VERY HIGH
Baltimore City Paper,www.citypaper.com,-21,MIXED
Baltimore Sun,www.baltimoresun.com,-13,HIGH
Bangor Daily News,bangordailynews.com,-9,HIGH
Baptist News Global,baptistnews.com,-7,HIGH
Battle Creek Enquirer,www.battlecreekenquirer.com,-8,HIGH
Battlefords News Optimist,www.newsoptimist.ca,-2,HIGH
Bay Area Reporter,www.ebar.com,-19,HIGH
Bbarta24,en.bbarta24.net,-3,HIGH
BBC,www.bbc.com,-7,VERY HIGH
BDNews24,bdnews24.com,-4,HIGH
Bearing Arms,bearingarms.com,27,MIXED
Beijing Review,www.bjreview.com,-17,HIGH
Being Liberal,www.themaven.net,-27,HIGH
Being Libertarian,beinglibertarian.com,23,HIGH
Beliefnet,www.beliefnet.com,21,MIXED
Bellingcat,www.bellingcat.com,0,HIGH
Berkeleyside,www.berkeleyside.com,-13,HIGH
Berkshire Eagle,www.berkshireeagle.com,-11,HIGH
Better Government Association,www.bettergov.org,-5,HIGH
Big Government News,biggovernment.news,28,MIXED
Big League Politics,bigleaguepolitics.com,28,MIXED
Big News Network,www.bignewsnetwork.com,-3,MIXED
Big Think,bigthink.com,-2,VERY HIGH
Billings Gazette,billingsgazette.com,7,HIGH
BillMoyers.com,billmoyers.com,-9,VERY HIGH
Bipartisan Policy Center,bipartisanpolicy.org,9,HIGH
Birmingham Mail,www.birminghammail.co.uk,-17,MIXED
Bismarck Tribune,bismarcktribune.com,1,HIGH
Bitch Media,bitchmedia.org,-22,HIGH
Bizpac Review,www.bizpacreview.com,29,MIXED
Black Agenda Report,blackagendareport.com,-22,HIGH
Black Lives Matter,blacklivesmatter.com,-21,HIGH
BlastingNews,us.blastingnews.com,-15,MIXED
Bloomberg News,www.bloomberg.com,-8,HIGH
Blue Dot Daily,www.bluedotdaily.com,-30,MIXED
Blue Lives Matter,bluelivesmatter.blue,24,HIGH
Blue Nation Review,bluenationreview.com,-29,MIXED
Blue State Daily,bluestatedaily.com,-28,MIXED
Bluestem Prairie,www.bluestemprairie.com,-13,HIGH
BNO News,bnonews.com,-3,HIGH
Boing Boing,boingboing.net,-19,HIGH
Boston Globe,www.bostonglobe.com,-11,HIGH
Boston Herald,www.bostonherald.com,9,HIGH
Boy Genius Report (BGR),bgr.com,-10,HIGH
Breaking Defense,breakingdefense.com,13,HIGH
Breakthrough Institute,thebreakthrough.org,8,HIGH
Breitbart Unmasked,www.breitbartunmasked.com,-28,MIXED
Brennan Center for Justice,www.brennancenter.org,-15,HIGH
BrexitCentral,brexitcentral.com,26,MIXED
Bridge Magazine,www.bridgemi.com,-2,HIGH
Brief.News,www.brief.news,-1,HIGH
Brookings Institute,www.brookings.edu,-14,VERY HIGH
Buffalo News,www.buffalonews.com,-12,HIGH
Bulletin of the Atomic Scientists,thebulletin.org,-5,VERY HIGH
Bullshido,www.bullshido.net,-3,HIGH
Burnett County Sentinel,www.burnettcountysentinel.com,-3,MIXED
Business 2 Community,www.business2community.com,-2,HIGH
Business Insider,www.businessinsider.com,-11,HIGH
Bust Magazine,bust.com,-23,HIGH
Bustle Magazine,www.bustle.com,-14,HIGH
Buzzfeed,www.buzzfeed.com,-17,MIXED
C-Span,www.c-span.org,-1,VERY HIGH
Calgary Herald,calgaryherald.com,-13,HIGH
Calgary Sun,www.calgarysun.com,13,HIGH
California Political Review,www.capoliticalreview.com,14,HIGH
CalWatchdog.com,calwatchdog.com,-8,HIGH
Cambridge Analytica,ca-political.com,26,MIXED
Campaign for Liberty,campaignforliberty.org,17,MIXED
Campaign Life Coalition,www.campaignlifecoalition.com,30,MIXED
Campus Reform,www.campusreform.org,23,MIXED
Canadaland,www.canadalandshow.com,-13,HIGH
Canadian Dimension,canadiandimension.com,-18,HIGH
Canadian Jewish News (CJN),www.cjnews.com,10,HIGH
Canadian Public Affairs Channel (CPAC),www.cpac.ca,-1,HIGH
Canadian Taxpayers Federation,www.taxpayer.com,15,HIGH
Cape Cod Times,www.capecodtimes.com,-4,HIGH
Capital Gazette,www.capitalgazette.com,-12,HIGH
Capital Research Center,capitalresearch.org,24,MIXED
Capitol Fax,capitolfax.com,-3,HIGH
Carbonated TV,www.carbonated.tv,-26,HIGH
Care2,www.care2.com,-27,MIXED
Caribbean Life News,www.caribbeanlifenews.com,-13,HIGH
Carnegie Endowment for International Peace,carnegieendowment.org,-5,VERY HIGH
Carolina Public Press,carolinapublicpress.org,-12,HIGH
Casper Star-Tribune,trib.com,1,HIGH
Castanet,www.castanet.net,-4,HIGH
Cato Institute,www.cato.org,17,HIGH
CBC News (Canadian Broadcasting),www.cbc.ca,-12,HIGH
CBS News,www.cbsnews.com,-12,HIGH
CCTV America,www.cctv-america.com,-10,HIGH
Center for a New American Security,www.cnas.org,-4,HIGH
Center for a Stateless Society,c4ss.org,15,HIGH
Center for Advanced Defense Studies,c4ads.org,1,VERY HIGH
Center for American Progress,www.americanprogress.org,-23,HIGH
Center for Democracy and Technology,cdt.org,-2,HIGH
Center for Global Development,www.cgdev.org,-4,VERY HIGH
Center for Inquiry,www.centerforinquiry.net,-1,VERY HIGH
Center for International Policy,www.ciponline.org,-11,VERY HIGH
Center for Media and Democracy (PR Watch),www.prwatch.org,-21,HIGH
Center for Popular Democracy,populardemocracy.org,-16,HIGH
Center for Public Integrity,www.publicintegrity.org,-3,VERY HIGH
Center for Responsive Politics (Open Secrets),www.opensecrets.org,-1,VERY HIGH
Center for Strategic and International Studies,www.csis.org,-4,VERY HIGH
Center for the National Interest,cftni.org,10,HIGH
Certified Politics,certifiedpolitics.com,-28,MIXED
Change.org,www.change.org,-21,HIGH
Charleston Gazette-Mail,www.wvgazettemail.com,-10,HIGH
Charlotte Observer,www.charlotteobserver.com,-13,HIGH
Check Your Fact,checkyourfact.com,9,HIGH
Chicago Reader,www.chicagoreader.com,-22,HIGH
Chicago Sun Times,chicago.suntimes.com,-12,HIGH
Chicago Tribune,www.chicagotribune.com,9,HIGH
Chicks on the Right,www.chicksontheright.com,24,MIXED
China Daily,www.chinadaily.com.cn,-4,HIGH
China Global Television Network (CGTN),news.cgtn.com,-2,HIGH
Chinook Observer,www.chinookobserver.com,-4,HIGH
Christian News Alerts,www.christiannewsalerts.com,30,MIXED
Christian Post,www.christianpost.com,24,MIXED
Christian Science Monitor,www.csmonitor.com,-4,HIGH
Christianity Today,www.christianitytoday.com,7,HIGH
Chronicles Magazine (Rockford),www.chroniclesmagazine.org,28,MIXED
Chronicles of Democracy,www.chroniclesofdemocracy.com,-22,HIGH
Church Militant,www.churchmilitant.com,30,MIXED
Cincinnati Enquirer,www.cincinnati.com,10,HIGH
Circa News,circa.com,7,HIGH
Citizen Critics,citizencritics.org,-18,HIGH
Citizen Free Press,www.citizenfreepress.com,27,MIXED
Citizen Truth,citizentruth.org,-13,HIGH
Citizens for Legitimate Government (CLG News),www.legitgov.org,-16,MIXED
Citizens for Responsibility and Ethics in Washington (CREW),www.citizensforethics.org,-15,HIGH
Citizens for Tax Justice,ctj.org,-13,HIGH
Citizens United,citizensunited.org,23,MIXED
City and State New York,cityandstateny.com,-3,HIGH
City Journal,www.city-journal.org,24,HIGH
Civitas Institute,www.nccivitas.org,29,MIXED
Clean Technica,cleantechnica.com,-9,VERY HIGH
Clear Politics,www.clear-politics.com,30,MIXED
CNBC,www.cnbc.com,-13,HIGH
CNN,www.cnn.com,-20,MIXED
Code Pink,www.codepink.org,-29,MIXED
Cold Dead Hands,www.colddeadhands.us,27,MIXED
Colombia Reports,colombiareports.com,-12,MIXED
Colorado Springs Gazette,gazette.com,12,HIGH
Columbia Daily Herald,www.columbiadailyherald.com,9,HIGH
Columbia Journalism Review,www.cjr.org,-11,HIGH
Columbus Dispatch,www.dispatch.com,10,HIGH
Commentary Magazine,www.commentarymagazine.com,24,HIGH
Committee for a Responsible Federal Budget,crfb.org,1,VERY HIGH
Committee for Economic Development,www.ced.org,3,HIGH
Committee to Investigate Russia,investigaterussia.org,-9,HIGH
Committee to Protect Journalists,www.cpj.org,-2,VERY HIGH
Common Cause,www.commoncause.org,-12,HIGH
Common Dreams,www.commondreams.org,-24,HIGH
Commonweal Magazine,www.commonwealmagazine.org,-10,HIGH
Commonwealth Fund,www.commonwealthfund.org,-11,HIGH
Communities Digital News,www.commdiginews.com,12,HIGH
Competitive Enterprise Institute,cei.org,17,HIGH
Concord Monitor,www.concordmonitor.com,-4,HIGH
Conflict News,www.conflict-news.com,3,HIGH
Congress.gov,www.congress.gov,-1,VERY HIGH
Congressional Budget Office (CBO),www.cbo.gov,-1,VERY HIGH
Conservative Base,conservativebase.com,30,MIXED
Conservative Daily News,www.conservativedailynews.com,29,MIXED
Conservative HQ,www.conservativehq.com,29,MIXED
Conservative Institute,www.conservativeinstitute.org,22,HIGH
Conservative Outfitters,www.conservativeoutfitters.com,28,MIXED
Conservative Review,www.conservativereview.com,24,MIXED
Conservative Today,conservativetoday.com,30,MIXED
ConservativeOpinion.com,conservativeopinion.com,28,MIXED
Conservatives Here,www.conservativeshere.com,30,MIXED
Consortium News,consortiumnews.com,-5,HIGH
Constitution Daily,constitutioncenter.org,1,HIGH
Constitution Project,www.constitutionproject.org,1,HIGH
Consumer Reports,www.consumerreports.org,-1,HIGH
Consumerist,consumerist.com,-3,HIGH
Content News,content.news,-27,MIXED
Controversial Times,controversialtimes.com,30,MIXED
Cook Political Report,cookpolitical.com,-2,HIGH
Corporate Presidency,corporatepresidency.org,-15,HIGH
Cosmopolitan,www.cosmopolitan.com,-26,HIGH
Council for the National Interest,www.councilforthenationalinterest.org,-14,HIGH
Council on Foreign Relations,www.cfr.org,9,HIGH
Countable News,blog.countable.us,-4,HIGH
CounterCurrents.org,www.countercurrents.org,-22,HIGH
CounterPunch,www.counterpunch.org,-22,HIGH
Courthouse News Service,www.courthousenews.com,-1,HIGH
Cowger Nation,cowgernation.com,30,MIXED
CP24,www.cp24.com,-3,HIGH
Credo Action,credoaction.com,-14,HIGH
Crime Prevention Research Center,crimeresearch.org,28,MIXED
Crimeola,crimeola.com,-1,HIGH
CrimethInc,crimethinc.com,-22,HIGH
Crisis Magazine,www.crisismagazine.com,27,MIXED
Crooked Media,crooked.com,-23,HIGH
Crooks and Liars,crooksandliars.com,-28,MIXED
Crosscut.com,crosscut.com,-13,HIGH
CSC Mediagroup USA,www.cscmediagroupus.com,30,HIGH
CTV News,www.ctvnews.ca,-14,HIGH
Current Affairs Magazine,www.currentaffairs.org,-21,HIGH
Curve Magazine,www.curvemag.com,-18,HIGH
Daily 49er,www.daily49er.com,-19,HIGH
Daily Beast,www.thedailybeast.com,-23,HIGH
Daily Business Review,www.dailybusinessreview.com,2,HIGH
Daily Caller,dailycaller.com,26,MIXED
Daily Dems,www.dailydems.com,-29,MIXED
Daily Dot,www.dailydot.com,-19,HIGH
Daily Express,www.express.co.uk,23,MIXED
Daily Herald,www.dailyherald.com,8,HIGH
Daily Hive,dailyhive.com,-9,HIGH
Daily Journal (Illinois),www.daily-journal.com,1,HIGH
Daily Journal (Missouri),dailyjournalonline.com,-3,HIGH
Daily Kos,www.dailykos.com,-27,MIXED
Daily Mail,www.dailymail.co.uk,24,MIXED
Daily Mirror,www.mirror.co.uk,-23,MIXED
Daily News Bin,www.dailynewsbin.com,-28,MIXED
Daily Press,www.dailypress.com,7,HIGH
Daily Record (Scotland),www.dailyrecord.co.uk,-22,MIXED
Daily Record,www.dailyrecord.com,-4,HIGH
Daily Sabah,www.dailysabah.com,22,MIXED
Daily Signal,dailysignal.com,29,MIXED
Daily Surge,dailysurge.com,28,MIXED
Daily Telegraph,www.telegraph.co.uk,11,HIGH
Dallas Morning News,www.dallasnews.com,12,HIGH
Dallas Voice,www.dallasvoice.com,-23,HIGH
Dangerous,www.dangerous.com,30,MIXED
Darien Times,www.darientimes.com,-2,HIGH
Dawn,www.dawn.com,-12,HIGH
Dayton Daily News,www.daytondailynews.com,-5,HIGH
DC Statesman,www.dcstatesman.com,29,MIXED
DC Tribune,dctribune.org,-29,MIXED
DC Whispers,dcwhispers.com,29,MIXED
DCReport.org,www.dcreport.org,-17,HIGH
de Volkskrant,www.volkskrant.nl,9,HIGH
Dead State,deadstate.org,-24,HIGH
Deadline Hollywood,deadline.com,-15,HIGH
Deadspin,deadspin.com,-22,HIGH
DeathandTaxes,www.deathandtaxesmag.com,-22,HIGH
Debate Post,debatepost.com,19,HIGH
Deccan Chronicle,www.deccanchronicle.com,14,HIGH
Deccan Herald,www.deccanherald.com,-13,MIXED
Deep Left Field,deepleftfield.info,-29,MIXED
DeepStateNation.com,deepstatenation.com,-27,MIXED
Defense One,www.defenseone.com,0,HIGH
Delaware Online – The News Journal,www.delawareonline.com,-9,HIGH
Democracy 21,www.democracy21.org,-16,HIGH
Democracy Chronicles,democracychronicles.org,-24,HIGH
Democracy Guardian,democracyguardian.com,-28,MIXED
Democracy Now,www.democracynow.org,-22,HIGH
Democrat and Chronicle,www.democratandchronicle.com,-11,HIGH
Democratic Underground,www.democraticunderground.com,-28,MIXED
Demos,www.demos.org,-11,HIGH
Denver Post,www.denverpost.com,-14,HIGH
Deplorables Report,deplorablesreport.com,24,MIXED
Deseret News,www.deseretnews.com,15,HIGH
Desert Sun,www.desertsun.com,6,HIGH
DeSmog,www.desmogblog.com,-18,HIGH
Detroit Free Press,www.freep.com,-12,HIGH
Detroit News,www.detroitnews.com,12,HIGH
Die Hard Democrat,dieharddemocrat.com,-26,HIGH
Die Zeit,www.zeit.de,-9,HIGH
DifferenceBetween.net,www.differencebetween.net,0,VERY HIGH
Digg,digg.com,-9,HIGH
Digital Journal,www.digitaljournal.com,-2,HIGH
Disobedient Media,disobedientmedia.com,24,MIXED
Dissent Magazine,www.dissentmagazine.org,-23,HIGH
DiversityInc,www.diversityinc.com,-12,HIGH
Doctors Without Borders,www.doctorswithoutborders.org,-1,HIGH
Downsizing the Federal Government,www.downsizinggovernment.org,15,HIGH
DPA German Press Agency,www.dpa-international.com,-3,HIGH
Drudge Report,www.drudgereport.com,29,MIXED
Drudge Retort,www.drudge.com,-23,MIXED
Duluth News Tribune,www.duluthnewstribune.com,9,HIGH
Dutch Daily News,www.dutchdailynews.com,-13,HIGH
Dutch Review,dutchreview.com,-13,MIXED
DW News,www.dw.com,-14,HIGH
Eagle Tribune,www.eagletribune.com,1,HIGH
Earth First Journal,earthfirstjournal.org,-26,MIXED
Earth Institute,earth.columbia.edu,-2,HIGH
EarthJustice,earthjustice.org,-17,HIGH
East Bay Times,www.eastbaytimes.com,-9,HIGH
Economic Policy Institute,www.epi.org,-13,HIGH
EconomicPolicyJournal.com,www.economicpolicyjournal.com,24,HIGH
Economics.Help,www.economicshelp.org,-13,HIGH
Economy In Crisis,economyincrisis.org,-24,MIXED
Edmonton Journal,edmontonjournal.com,-10,HIGH
Edmonton Sun,www.edmontonsun.com,15,HIGH
EgbertoWillies,egbertowillies.com,-28,HIGH
Egyptian Streets,egyptianstreets.com,-12,MIXED
EJ Insight (EJI),www.ejinsight.com,-5,HIGH
El Pais,elpais.com,-13,HIGH
El Paso Times,www.elpasotimes.com,-8,HIGH
Electoral-Vote.com,www.electoral-vote.com,-19,HIGH
Electronic Frontier Foundation,www.eff.org,-8,HIGH
Electronic Intifada,electronicintifada.net,-25,HIGH
Elisabeth Parker,elisabethparker.com,-26,HIGH
Elite Daily,elitedaily.com,-19,MIXED
Elko Daily Free Press,elkodaily.com,1,HIGH
Emirates 24/7,www.emirates247.com,-11,HIGH
Empty Wheel,www.emptywheel.net,-15,HIGH
Energy Citizens,energycitizens.org,27,MIXED
Engadget,www.engadget.com,-12,HIGH
Erie Times-News,www.goerie.com,-4,HIGH
ERR News (Estonia Public Broadcasting),news.err.ee,1,HIGH
Esquire Magazine,www.esquire.com,-22,HIGH
Ethics & Religious Liberty Commission (ERLC),erlc.com,28,MIXED
Ethics and Public Policy Center (EPPC),eppc.org,15,HIGH
EU Observer,euobserver.com,-11,HIGH
Euractiv,www.euractiv.com,-17,MIXED
Eurasia Group,www.eurasiagroup.net,-3,HIGH
Eurasia Review,www.eurasiareview.com,-4,HIGH
Euronews,www.euronews.com,-4,HIGH
Every CRS Report,www.everycrsreport.com,0,VERY HIGH
Everyday Feminism,everydayfeminism.com,-21,HIGH
Evonomics,evonomics.com,-23,HIGH
Exposing the Truth,www.exposingtruth.com,-10,HIGH
ExtraNewsFeed,extranewsfeed.com,-25,MIXED
Fact / Myth,factmyth.com,-9,HIGH
Factbox.TV,factbox.tv,-15,HIGH
FactCheck,www.factcheck.org,-1,VERY HIGH
Facts and Logic About the Middle East (FLAME),factsandlogic.org,28,MIXED
FactsCan,factscan.ca,-1,VERY HIGH
Factwire News Agency,www.factwire.org,-1,HIGH
Fair Observer,www.fairobserver.com,-3,HIGH
Fairness & Accuracy in Reporting (FAIR),fair.org,-14,HIGH
FairVote,www.fairvote.org,-9,HIGH
Faith Family America,www.faithfamilyamerica.com,13,HIGH
FaithWire,www.faithwire.com,27,MIXED
Family Security Matters,www.familysecuritymatters.org,26,MIXED
Far Left Watch,farleftwatch.com,29,HIGH
Fast Company Magazine,www.fastcompany.com,-11,HIGH
Federal News Radio,federalnewsradio.com,-1,HIGH
Federal Times,www.federaltimes.com,0,HIGH
Federalist Press,federalistpress.com,30,MIXED
Federalist Society,fedsoc.org,26,MIXED
Feminist Current,www.feministcurrent.com,-19,HIGH
Feminist Frequency,feministfrequency.com,-8,HIGH
Feministing,feministing.com,-25,HIGH
Fifth Estate,www.fifthestate.org,-22,HIGH
Fight for the Future,www.fightforthefuture.org,-14,HIGH
Filming Cops,filmingcops.com,-24,HIGH
Financial Express,www.financialexpress.com,2,HIGH
Financial Post,www.financialpost.com,10,HIGH
Financial Times,www.ft.com,1,HIGH
First Draft News,firstdraftnews.org,-3,HIGH
First in Freedom Daily,firstinfreedomdaily.com,28,MIXED
First Post,www.firstpost.com,-22,HIGH
First Things Magazine,www.firstthings.com,23,MIXED
FitsNews,www.fitsnews.com,13,HIGH
FiveThirtyEight,fivethirtyeight.com,-8,HIGH
Florida Times-Union,jacksonville.com,10,HIGH
Forbes,www.forbes.com,14,MIXED
Foreign Affairs,www.foreignaffairs.com,5,HIGH
Foreign Policy in Focus,fpif.org,-10,HIGH
Foreign Policy Initiative,www.foreignpolicyi.org,12,HIGH
Foreign Policy Journal,www.foreignpolicyjournal.com,-26,MIXED
Foreign Policy News,foreignpolicynews.org,-23,MIXED
Foreign Policy Research Institute,www.fpri.org,10,VERY HIGH
Foreign Policy,foreignpolicy.com,3,HIGH
Fort Bend Herald,www.fbherald.com,13,HIGH
Fort Worth Star-Telegram,www.star-telegram.com,10,HIGH
Fort Worth Star-Telegram,www.star-telegram.com,10,HIGH
Fort Worth Weekly,www.fwweekly.com,-14,HIGH
Fortnightly Review,fortnightlyreview.co.uk,15,HIGH
Fortune Magazine,fortune.com,8,HIGH
Forward Progressives,www.forwardprogressives.com,-26,HIGH
Foundation for Defense of Democracies,www.defenddemocracy.org,21,HIGH
Foundation for Economic Education,fee.org,12,HIGH
Fox News,www.foxnews.com,24,MIXED
France24,www.france24.com,-13,HIGH
Franklin Center for Government and Public Integrity,franklincenterhq.org,15,MIXED
Fraser Institute,www.fraserinstitute.org,13,HIGH
Freakonomics Radio,freakonomics.com,-10,HIGH
Free Press,freepress.org,-27,HIGH
Free Press,www.freepress.net,-15,HIGH
Free Rein News,frnewsreport.com,-28,HIGH
Free Republic,www.freerepublic.com,27,MIXED
Free West Media,freewestmedia.com,26,MIXED
Free Wheel Media,freewheelus.com,-12,HIGH
Freedom Crossroads,freedomcrossroads.com,26,MIXED
Freedom From Religion Foundation (FFRF),ffrf.org,-1,HIGH
Freedom House,freedomhouse.org,10,HIGH
Freedom News and Journal,freedomnews.org.uk,-27,HIGH
Freedom Works,www.freedomworks.org,26,MIXED
Fresno Bee,www.fresnobee.com,-11,HIGH
Frontiers of Freedom,www.ff.org,24,MIXED
FStv (freespeech.org),www.freespeech.org,-19,HIGH
Full Fact (UK),fullfact.org,-5,VERY HIGH
Fusion,fusion.kinja.com,-16,MIXED
Future in America,www.futureinamerica.com,30,MIXED
Gallup,www.gallup.com,-2,VERY HIGH
Gatestone Institute,www.gatestoneinstitute.org,28,MIXED
Gay Star News,www.gaystarnews.com,-15,HIGH
GBTimes,gbtimes.com,-2,HIGH
Gears of Biz,gearsofbiz.com,-4,HIGH
Geopolitics Alert,geopoliticsalert.com,-13,HIGH
Get Religion,www.getreligion.org,26,MIXED
Gizmodo,gizmodo.com,-20,HIGH
Glamour Magazine,www.glamour.com,-14,HIGH
Global Citizen,www.globalcitizen.org,-11,HIGH
Global Integrity,www.globalintegrity.org,1,HIGH
Global News,globalnews.ca,-8,HIGH
Global Post,www.pri.org,-10,HIGH
Global Risk Insights (GRI),globalriskinsights.com,-7,HIGH
Global Slavery Index,www.globalslaveryindex.org,-1,VERY HIGH
Global Times (China),www.globaltimes.cn,-10,HIGH
Global Voices,globalvoices.org,-18,HIGH
Globe Gazette (Iowa),globegazette.com,-3,HIGH
Globe Today,www.globetoday.com,-22,MIXED
Good Magazine,www.good.is,-21,HIGH
GoodNewsNetwork,www.goodnewsnetwork.org,1,HIGH
GOP.com,www.gop.com,24,MIXED
GOPOCALYPSE,www.gopocalypse.org,-28,MIXED
GOPUSA,www.gopusa.com,29,MIXED
Governing Magazine,www.governing.com,-8,HIGH
Government Accountability Institute,www.g-a-i.org,29,MIXED
Government Executive,www.govexec.com,-4,HIGH
GovTrack,www.govtrack.us,0,VERY HIGH
GQ Magazine,www.gq.com,-19,HIGH
Grabien News,news.grabien.com,-3,MIXED
Grand Rapids Press,www.mlive.com,13,HIGH
Grasping Reality With Both Hands: Bradford DeLong,www.bradford-delong.com,-21,HIGH
Green Left Weekly,www.greenleft.org.au,-26,MIXED
Greensboro News and Record,www.greensboro.com,-12,HIGH
Greentech Media,www.greentechmedia.com,-12,HIGH
Greenville Gazette,www.greenvillegazette.com,-26,HIGH
Grist,grist.org,-14,HIGH
Groopspeak,news.groopspeak.com,-28,MIXED
Group of Thirty,group30.org,7,HIGH
Guardian Liberty Voice,guardianlv.com,-24,HIGH
Guardians of Democracy,theguardiansofdemocracy.com,-24,HIGH
Guerrilla News,www.guerrilla.news,30,MIXED
Guido Fawkes,order-order.com,29,MIXED
Gulf News,gulfnews.com,10,HIGH
Guns.com,www.guns.com,10,HIGH
Haaretz,www.haaretz.com,-16,HIGH
Happy Foxie,happy-foxie.com,-28,MIXED
Harper’s Magazine,harpers.org,-8,HIGH
Harvard Business Review,hbr.org,-3,HIGH
Harvard Gazette,news.harvard.edu,-4,HIGH
Harvard Political Review,harvardpolitics.com,-4,HIGH
Hastings Tribune,www.hastingstribune.com,-2,HIGH
Health Magazine,www.health.com,-11,MIXED
Healthcare Finance News,www.healthcarefinancenews.com,-1,HIGH
HealthyWay,www.healthyway.com,-11,HIGH
Heartland Institute,www.heartland.org,29,MIXED
Heat Street,heatst.com,24,MIXED
Heavy,heavy.com,-13,HIGH
Helsinki Times,www.helsinkitimes.fi,-15,HIGH
Herald & Review (Illinois),herald-review.com,2,HIGH
Herald-Sun,www.heraldsun.com.au,11,HIGH
Heritage Foundation,www.heritage.org,29,MIXED
HermanCain.com,www.hermancain.com,29,MIXED
Heterodox Academy,heterodoxacademy.org,8,HIGH
High Country News,www.hcn.org,-13,HIGH
High Point Enterprise,www.hpenews.com,10,HIGH
Highline,highline.huffingtonpost.com,-12,HIGH
Hillary Daily,hillarydaily.com,23,MIXED
Hindustan Times,www.hindustantimes.com,-8,HIGH
History News Network,historynewsnetwork.org,-12,HIGH
Hoax Slayer,www.hoax-slayer.com,0,VERY HIGH
Hollywood Reporter,www.hollywoodreporter.com,-15,HIGH
Homeland Security News Wire,www.homelandsecuritynewswire.com,1,HIGH
Honest Reporting,honestreporting.com,10,HIGH
Honolulu Star-Advertiser,www.staradvertiser.com,-11,HIGH
Hoover Institution,www.hoover.org,13,MIXED
Hot Air,hotair.com,26,HIGH
Houston Chronicle,www.houstonchronicle.com,-14,HIGH
Hudson Institute,www.hudson.org,22,HIGH
Huffpost.com,www.huffingtonpost.com,-21,HIGH
Human Events,humanevents.com,26,MIXED
Human Progress,humanprogress.org,16,MIXED
Human Rights Campaign (HRC),www.hrc.org,-24,HIGH
Human Rights Watch,www.hrw.org,-8,HIGH
Humanium,www.humanium.org,-13,HIGH
Hurriyet Daily News,www.hurriyetdailynews.com,-11,MIXED
I Bleed Red White and Blue,ibleedredwhiteblue.com,27,MIXED
I24 News,www.i24news.tv,1,HIGH
Ice News,www.icenews.is,-13,HIGH
ICitizen,icitizen.com,-3,HIGH
Idaho Statesman,www.idahostatesman.com,-3,HIGH
If Americans Knew,ifamericaknew.org,-15,HIGH
IHS Janes 360,www.janes.com,1,HIGH
Illinois Policy Institute,www.illinoispolicy.org,20,HIGH
iMediaEthics,www.imediaethics.org,-4,HIGH
Impeach Trump Now,www.impeachdjtnow.com,-29,MIXED
Imprimis (Hillsdale College),imprimis.hillsdale.edu,24,MIXED
In Defence of Marxism,www.marxist.com,-27,HIGH
In Homeland Security,inhomelandsecurity.com,9,HIGH
In These Times,inthesetimes.com,-22,HIGH
Independent Australia,independentaustralia.net,-15,HIGH
Independent Journal Review,ijr.com,26,HIGH
Independent Media Center,www.indymedia.org,-14,MIXED
Independent Record (Montana),helenair.com,1,HIGH
Independent Reporter (Ir.net),ir.net,-27,MIXED
Independent Sentinel,www.independentsentinel.com,29,HIGH
Independent Voter Network (IVN),ivn.us,-4,HIGH
Independent Women’s Forum (IWF),iwf.org,24,MIXED
India Today,indiatoday.intoday.in,-4,HIGH
Indianapolis Star,www.indystar.com,-10,HIGH
Inequality Media,www.inequalitymedia.org,-19,HIGH
iNews,inews.co.uk,-13,HIGH
Informed Comment,www.juancole.com,-19,HIGH
Inquisitr,www.inquisitr.com,-14,MIXED
Inside Higher Ed,www.insidehighered.com,-7,HIGH
Inside Philanthropy,www.insidephilanthropy.com,-13,HIGH
InsideClimate News,insideclimatenews.org,-7,HIGH
InsideSources,www.insidesources.com,12,HIGH
Institute for Family Studies,ifstudies.org,23,MIXED
Institute for Humane Studies,theihs.org,7,HIGH
Institute for Middle East Understanding (IMEU),imeu.org,-12,HIGH
Institute for Policy Studies,www.ips-dc.org,-28,HIGH
Institute for Women’s Policy Research (IWPR),iwpr.org,-4,HIGH
Institute on Taxation and Economic Policy (ITEP),itep.org,-11,HIGH
Intellectual Takeout,www.intellectualtakeout.org,26,MIXED
Inter Press Service (IPS),www.ips.org,-16,HIGH
International Business Times,www.ibtimes.com,-11,MIXED
International Center for Research on Women,www.icrw.org,-11,HIGH
International Consortium of Investigative Journalists,www.icij.org,-4,VERY HIGH
International Crisis Group,www.crisisgroup.org,-10,HIGH
International Energy Agency (IEA),www.iea.org,-5,HIGH
International Organization,journals.cambridge.org,1,VERY HIGH
International Press Institute,www.freemedia.at,-1,VERY HIGH
International Rescue Committee (IRC),www.rescue.org,-3,HIGH
International Viewpoint,www.internationalviewpoint.org,-29,MIXED
Intrepid Report,www.intrepidreport.com,-24,MIXED
Inverse,www.inverse.com,-12,HIGH
Investigative Reporters and Editors,www.ire.org,-1,VERY HIGH
Investopedia,www.investopedia.com,-1,HIGH
Investors Business Daily,www.investors.com,28,MIXED
Iowa Starting Line,iowastartingline.com,-22,HIGH
iPatriot,ipatriot.com,24,MIXED
iPolitics,ipolitics.ca,-9,HIGH
IRIN News,www.irinnews.org,-10,HIGH
Irish Independent,www.independent.ie,11,HIGH
Israel Hayom,www.israelhayom.com,13,HIGH
ITV News,www.itv.com,8,HIGH
It’s Going Down,itsgoingdown.org,-28,MIXED
Jackson Sun,www.jacksonsun.com,2,HIGH
Jacobin,www.jacobinmag.com,-22,HIGH
Japan Times,www.japantimes.co.jp,1,HIGH
Japan Today,www.japantoday.com,7,HIGH
Jewish Breaking News,jewishbreakingnews.com,12,MIXED
Jewish News Syndicate (JNS),www.jns.org,13,HIGH
Jewish Policy Center,www.jewishpolicycenter.org,20,HIGH
Jewish Telegraphic Agency (JTA),www.jta.org,1,HIGH
Jewish World Review,www.jewishworldreview.com,26,MIXED
Jezebel,jezebel.com,-29,MIXED
Jihadica,www.jihadica.com,-9,HIGH
Joint Center for Political and Economic Studies,jointcenter.org,-13,HIGH
Journal Gazette & Times-Courier,www.opensecrets.org,-3,HIGH
Journal of Politics and Society,www.helvidius.org,-10,VERY HIGH
JStor Daily,daily.jstor.org,-1,VERY HIGH
Judicial Crisis Network,judicialnetwork.com,28,MIXED
Just Facts Daily,www.justfactsdaily.com,19,HIGH
Just Facts,www.justfacts.com,12,HIGH
Just Security,www.justsecurity.org,-3,HIGH
Kaiser Family Foundation,kff.org,-4,HIGH
Kansas City Star,www.kansascity.com,-12,HIGH
Kansas Policy Institute (KPI),kansaspolicy.org,26,MIXED
Keep and Bear,keepandbear.com,28,HIGH
KMOV,www.kmov.com,-9,HIGH
Knight Foundation,www.knightfoundation.org,-7,HIGH
Know Your Meme,knowyourmeme.com,-1,HIGH
Knowhere,knowherenews.com,-1,HIGH
Knox Report,knoxreport.com,30,MIXED
Knoxville News Sentinel,www.knoxnews.com,-12,HIGH
KOCO News 5,www.koco.com,-7,HIGH
Korea Herald,www.koreaherald.com,8,MIXED
Kotaku,kotaku.com,-13,HIGH
KUOW NPR,kuow.org,-10,HIGH
Kurdistan 24,www.kurdistan24.net,-15,MIXED
KUTV Salt Lake City,kutv.com,10,HIGH
Kyiv Post,www.kyivpost.com,-15,MIXED
La Presse,www.lapresse.ca,-16,HIGH
LA Times (Los Angeles Times),www.latimes.com,-14,HIGH
Las Vegas Review-Journal,www.reviewjournal.com,12,HIGH
Latest.com,latest.com,-29,MIXED
Latin Times,www.latintimes.com,-8,HIGH
Lavender Magazine,www.lavendermagazine.com,-22,HIGH
Law Newz,lawnewz.com,-11,HIGH
Lawfare Blog,www.lawfareblog.com,-13,HIGH
Le Devoir,www.ledevoir.com,1,HIGH
Lead Stories,leadstories.com,-2,VERY HIGH
Learn Liberty,www.learnliberty.org,8,HIGH
Left Action,leftaction.com,-25,HIGH
Left Foot Forward,leftfootforward.org,-23,HIGH
Left Justified,www.leftjustified.com,-9,HIGH
Left Over Rights,leftoverrights.com,-27,MIXED
Left Side of History,www.leftsideofhistory.com,-23,MIXED
Left Voice,www.leftvoice.org,-22,HIGH
Left Wing Nation,leftwingnation.org,-28,HIGH
LeftScoop,www.leftscoop.com,-29,MIXED
Legal Insurrection,legalinsurrection.com,24,MIXED
Lethbridge Herald,lethbridgeherald.com,-12,HIGH
Lexington Herald Leader,www.kentucky.com,-10,HIGH
Lexington Institute,lexingtoninstitute.org,8,HIGH
LGBTQ Nation,www.lgbtqnation.com,-18,HIGH
Libcom.org,libcom.org,-28,HIGH
Liberal America,www.liberalamerica.org,-25,MIXED
Liberal Examiner,www.liberalexaminer.com,-29,MIXED
Liberal Mountain,www.liberalmountain.com,-16,HIGH
Liberals Unite (Samuel Warde),samuel-warde.com,-27,MIXED
Liberation News,www.liberationnews.org,-22,HIGH
Liberty Hangout,libertyhangout.org,23,MIXED
Liberty Headlines,www.libertyheadlines.com,29,MIXED
Liberty Nation,www.libertynation.com,29,MIXED
Liberty News,libertynews.com,30,MIXED
Liberty Viral,libertyviral.com,13,HIGH
LibertyTalk.FM,libertytalk.fm,27,MIXED
Life and About,lifeandabout.com,30,MIXED
Life Decisions International,fightpp.org,27,MIXED
Life News,www.lifenews.com,30,MIXED
Life Site News,www.lifesitenews.com,26,MIXED
Lifehacker,lifehacker.com,-10,HIGH
LifeZette,www.lifezette.com,24,MIXED
Lima Charlie News,limacharlienews.com,2,HIGH
Lincoln Journal Star,journalstar.com,-2,HIGH
ListVerse,listverse.com,-3,HIGH
Little Green Footballs,littlegreenfootballs.com,-22,MIXED
LiveLeak,www.liveleak.com,-12,HIGH
Lompoc Record,lompocrecord.com,1,HIGH
London Broadcasting Company (LBC),www.lbc.co.uk,17,MIXED
London Evening Standard,www.standard.co.uk,15,HIGH
London Free Press,www.lfpress.com,7,MIXED
Lone Conservative,loneconservative.com,24,MIXED
Longview News-Journal,www.news-journal.com,2,HIGH
Los Angeles Daily News,www.dailynews.com,6,HIGH
Louder With Crowder,louderwithcrowder.com,30,MIXED
Love Knowledge,loveknowledge.org,-26,MIXED
Lyin’ Comey,www.lyincomey.com,29,MIXED
Lynx Media,lynx.media,7,MIXED
Mackinac Center for Public Policy,www.mackinac.org,10,HIGH
Maclean’s Magazine,www.macleans.ca,-11,HIGH
Maine Beacon,mainebeacon.com,-9,HIGH
MakeUseOf,www.makeuseof.com,-2,HIGH
Malaysia Today,www.malaysia-today.net,2,MIXED
Manchester Union Leader,www.unionleader.com,19,MIXED
Manhattan Institute for Policy Research,www.manhattan-institute.org,10,HIGH
Maplight,maplight.org,-2,VERY HIGH
MarketWatch,www.marketwatch.com,0,HIGH
Mashable,mashable.com,-20,HIGH
McClatchyDC,www.mcclatchydc.com,-4,HIGH
Mean Left Hook,meanlefthook.com,-28,MIXED
Media Circus,www.mediacircus.com,30,MIXED
Media Equalizer,mediaequalizer.com,29,MIXED
Media Matters,mediamatters.org,-24,HIGH
Media Research Center (MRC),www.mrc.org,28,MIXED
MediaFile,www.mediafiledc.com,-12,HIGH
Mediaite,www.mediaite.com,-23,HIGH
MediaShift,mediashift.org,-4,HIGH
Medium,medium.com,-12,MIXED
Meduza,meduza.io,-19,HIGH
Mehr News Agency,en.mehrnews.com,23,MIXED
Memeorandum,www.memeorandum.com,-4,MIXED
Mental Floss,mentalfloss.com,-2,HIGH
Mercatornet,www.mercatornet.com,28,HIGH
MercoPress,en.mercopress.com,-1,HIGH
Merion West,merionwest.com,5,HIGH
Merry Jane,www.merryjane.com,-20,HIGH
Metabunk,www.metabunk.org,-3,HIGH
Metro UK,metro.co.uk,-14,HIGH
Metro,www.metro.us,-10,HIGH
Mexico Daily News,mexiconewsdaily.com,-13,HIGH
Miami Herald,www.miamiherald.com,-10,HIGH
Miami New Times,www.miaminewtimes.com,-23,HIGH
Mic,mic.com,-14,HIGH
Middle East Monitor,www.middleeastmonitor.com,-21,MIXED
Migration Policy Institute,www.migrationpolicy.org,-10,HIGH
Military Times,www.militarytimes.com,8,HIGH
Military.com,www.military.com,3,HIGH
Milwaukee Journal-Sentinel,www.jsonline.com,-9,HIGH
Minneapolis Star Tribune,www.startribune.com,-9,HIGH
Minnesota Public Radio (MPR),www.mprnews.org,-11,HIGH
MinnPost,www.minnpost.com,-11,HIGH
Mint Press News,www.mintpressnews.com,-16,MIXED
Mises Daily,mises.org,16,MIXED
Missoulian,missoulian.com,-3,HIGH
MLive (Michigan – Booth Newspapers),www.mlive.com,-1,HIGH
Modern Liberals,modernliberals.com,-29,MIXED
Molad The Center for the Renewal of Israeli Democracy,www.molad.org,-20,HIGH
Mondoweiss,mondoweiss.net,-18,HIGH
Mongabay,news.mongabay.com,-12,HIGH
Montana Standard,mtstandard.com,-3,HIGH
Monthly Review,monthlyreview.org,-13,HIGH
Montreal Gazette,montrealgazette.com,-12,HIGH
Moon of Alabama,www.moonofalabama.org,-26,MIXED
Morning Consult,morningconsult.com,-13,HIGH
Moscow Times,themoscowtimes.com,-14,HIGH
Mother Jones,www.motherjones.com,-23,HIGH
Mother Nature Network,www.mnn.com,-15,HIGH
Mountain Democrat,www.mtdemocrat.com,-8,HIGH
Move On,front.moveon.org,-29,MIXED
Ms. (Magazine),www.msmagazine.com,-20,HIGH
MSN.com,www.msn.com,-9,HIGH
MSNBC,www.msnbc.com,-24,MIXED
Muncie Voice,www.muncievoice.com,-15,HIGH
MWC News – Media With Conscience,mwcnews.net,-12,HIGH
MyNorthwest,mynorthwest.com,12,HIGH
Naked Capitalism,www.nakedcapitalism.com,-12,HIGH
Nap-Sack,nap-sack.org,-18,MIXED
Napa Valley Register,napavalleyregister.com,2,HIGH
Nation of Change,www.nationofchange.org,-23,MIXED
National Affairs Magazine,www.nationalaffairs.com,9,HIGH
National Association for the Advancement of Colored People (NAACP),www.naacp.org,-17,HIGH
National Bureau of Economic Research (NBER),www.nber.org,1,HIGH
National Center for Public Policy Research (NCPPR),www.nationalcenter.org,28,MIXED
National Center for Transgender Equality (NCTE),transequality.org,-15,HIGH
National Institute on Money in State Politics,www.followthemoney.org,-4,HIGH
National Interest,nationalinterest.org,6,HIGH
National Journal,www.nationaljournal.com,-4,HIGH
National Monitor,natmonitor.com,-15,HIGH
National Newswatch,www.nationalnewswatch.com,-8,HIGH
National Observer (Canada),www.nationalobserver.com,-15,HIGH
National Post,www.nationalpost.com,13,HIGH
National Review,www.nationalreview.com,26,MIXED
National Rifle Association (NRA),home.nra.org,30,MIXED
National Youth Rights Association,www.youthrights.org,-8,HIGH
NationMaster,www.nationmaster.com,-1,VERY HIGH
Natural Resource Governance Institute,www.resourcegovernance.org,-11,HIGH
Natural Resources Defense Council,www.nrdc.org,-14,HIGH
Nature Conservancy,www.nature.org,-9,HIGH
NBC News,www.nbcnews.com,-14,HIGH
NC Policy Watch,www.ncpolicywatch.com,-14,HIGH
NDTV,www.ndtv.com,-12,HIGH
Need 2 Know,theneed2know.com,-5,HIGH
Netherlands Radio and Television Association (NOS),nos.nl,7,HIGH
New America,www.newamerica.org,-3,HIGH
New Bern Sun Journal,www.newbernsj.com,-4,HIGH
New Boston Post,newbostonpost.com,24,MIXED
New England Cable News (NECN),www.necn.com,-9,HIGH
New Europe,www.neweurope.eu,-13,HIGH
New Internationalist,newint.org,-22,HIGH
New Left Review,newleftreview.org,-14,HIGH
New Matilda,newmatilda.com,-13,HIGH
New Moderate,newmoderate.com,-11,HIGH
New Politics Magazine,newpol.org,-19,HIGH
New Republic,newrepublic.com,-20,HIGH
New Revolution Now,www.newrevolutionnow.org,22,HIGH
New Statesman,www.newstatesman.com,-22,HIGH
New York Daily News,www.nydailynews.com,-15,MIXED
New York Magazine,nymag.com,-22,HIGH
New York Observer,observer.com,20,HIGH
New York Post,nypost.com,17,MIXED
New York Times,www.nytimes.com,-12,HIGH
New Yorker,www.newyorker.com,-23,HIGH
New Zealand Herald,www.nzherald.co.nz,1,HIGH
News and Guts,www.newsandgutsmedia.com,-13,HIGH
News Channel 4 (KFOR.com),kfor.com,-8,HIGH
News Corpse,newscorpse.com,-29,MIXED
News Deeply,www.newsdeeply.com,-16,HIGH
News Heist,newsheist.com,12,MIXED
News Lookup,www.newslookup.com,-1,HIGH
News Rescue,newsrescue.com,11,HIGH
News-Gazette,www.news-gazette.com,8,HIGH
News.com.au,www.news.com.au,-12,HIGH
News24 (South Africa),www.news24.com,2,HIGH
Newsbusters,www.newsbusters.org,30,MIXED
Newsday,www.newsday.com,-15,HIGH
Newsela,newsela.com,-3,HIGH
Newser,www.newser.com,-9,HIGH
NewsGru,newsgru.com,-15,MIXED
NewsHounds,www.newshounds.us,-25,MIXED
Newsline,newsline.com,12,MIXED
NewsLogue,www.newslogue.com,-28,MIXED
Newsmax,www.newsmax.com,26,MIXED
NewsNow (UK),www.newsnow.co.uk,-3,MIXED
NewsOne,newsone.com,-16,HIGH
Newsweek,www.newsweek.com,-23,MIXED
Newsy,www.newsy.com,-10,HIGH
Next Avenue,www.nextavenue.org,-5,HIGH
Next News Network,nextnewsnetwork.com,30,MIXED
NextGov,www.nextgov.com,-2,HIGH
NHK World,www3.nhk.or.jp,-2,HIGH
Niskanen Center,niskanencenter.org,-5,HIGH
NK News,www.nknews.org,-4,HIGH
No Labels,www.nolabels.org,-3,HIGH
Noozhawk,www.noozhawk.com,-4,HIGH
North Korea Times,www.northkoreatimes.com,-3,MIXED
North99,north99.org,-24,HIGH
Northwest Indiana Times,www.nwitimes.com,2,HIGH
Not Liberal,notliberal.com,29,MIXED
Nova Magazine,www.nova-magazine.net,-29,MIXED
Novinite,www.novinite.com,-4,HIGH
Now Magazine,nowtoronto.com,-18,HIGH
NowThis News,nowthisnews.com,-23,MIXED
NPR (National Public Radio),www.npr.org,-9,VERY HIGH
NTD.TV (New Tang Dynasty),www.ntd.tv,14,HIGH
NTK Network,ntknetwork.com,27,MIXED
Numbers USA,www.numbersusa.com,29,MIXED
OC Weekly,www.ocweekly.com,-12,HIGH
Odessa American,www.oaoa.com,10,HIGH
Offended America,offendedamerica.com,29,MIXED
Offgrid Survival,offgridsurvival.com,29,MIXED
Oil and Water Don’t Mix,www.oilandwaterdontmix.org,-8,HIGH
Oil Price,oilprice.com,8,HIGH
Omaha World-Herald,www.omaha.com,10,HIGH
One America News Network,www.oann.com,29,MIXED
One Green Planet,www.onegreenplanet.org,-27,MIXED
OneEighty,180report.com,-1,MIXED
OneIndia,www.oneindia.com,-12,MIXED
OneNewsNow,www.onenewsnow.com,29,MIXED
Ontario Proud,www.ontarioproud.ca,24,HIGH
OpEdNews (OEN),www.opednews.com,-27,MIXED
Open the Government,www.openthegovernment.org,-3,HIGH
openDemocracy,www.opendemocracy.net,-15,HIGH
Opposing Views,www.opposingviews.com,-14,HIGH
OpsLens,www.opslens.com,30,MIXED
Orange County Register,www.ocregister.com,11,HIGH
Oregonian,www.oregonlive.com,12,HIGH
Orlando Sentinel,www.orlandosentinel.com,10,HIGH
Ottawa Citizen,ottawacitizen.com,10,HIGH
Our Voice NY,ourvoiceny.com,-25,HIGH
Our World In Data,ourworldindata.org,-8,HIGH
Outside The Beltway,www.outsidethebeltway.com,-11,HIGH
Oyez Project,www.oyez.org,-1,VERY HIGH
Ozy Media,www.ozy.com,-13,HIGH
Pacific Daily News,www.guampdn.com,-3,HIGH
Pacific Research Institute,www.pacificresearch.org,9,HIGH
Pacific Standard Magazine,psmag.com,-10,HIGH
Palmer Report,www.palmerreport.com,-27,MIXED
PanAm Post,panampost.com,-12,HIGH
Parallax News (PXW),parallax.news,0,HIGH
Paste Magazine,www.pastemagazine.com,-21,HIGH
Patch,patch.com,-2,HIGH
Patheos,www.patheos.com,-1,MIXED
Patriot News Daily,patriotnewsdaily.com,30,MIXED
Patriotic Millionaires,patrioticmillionaires.org,-12,HIGH
PatriotRetort.com,patriotretort.com,28,MIXED
PBS News Hour,www.pbs.org,-10,HIGH
Peacock Panache,www.peacock-panache.com,-27,HIGH
Peninsula Daily News,www.peninsuladailynews.com,8,HIGH
Pensacola News Journal,www.pnj.com,-4,HIGH
People for the American Way (PFAW),www.pfaw.org,-19,HIGH
People Magazine,people.com,-20,HIGH
Peterson Foundation,www.pgpf.org,1,HIGH
Peterson Institute for International Economics,piie.com,2,HIGH
Pew Research,www.pewresearch.org,-1,VERY HIGH
Philadelphia Inquirer,www.philly.com,-11,HIGH
Philadelphia Tribune,www.phillytrib.com,-11,HIGH
Philippine Daily Inquirer,www.inquirer.net,-8,HIGH
Phoenix New Times,www.phoenixnewtimes.com,-16,HIGH
PINAC,photographyisnotacrime.com,-18,HIGH
Pink News,www.pinknews.co.uk,-20,HIGH
Pittsburgh Post-Gazette,www.post-gazette.com,7,HIGH
Pittsburgh Tribune Review,triblive.com,10,HIGH
PJ Media,pjmedia.com,24,MIXED
Places Journal,placesjournal.org,-3,VERY HIGH
Pluralist,www.pluralist.com,-11,HIGH
Policy Review,www.hoover.org,22,HIGH
PolicyEd,www.policyed.org,16,HIGH
Political Critique,politicalcritique.org,-13,HIGH
Political Dig,politicaldig.com,-28,MIXED
Political Insider,www.thepoliticalinsider.com,29,MIXED
Political Storm,www.politicalstorm.com,5,HIGH
Political Updater,politicalupdater.com,-23,MIXED
Politichicks,politichicks.com,30,MIXED
Politico,www.politico.com,-15,HIGH
Politics That Work,politicsthatwork.com,-15,HIGH
PoliticsNote,politicsnote.com,30,MIXED
PoliticusUSA,www.politicususa.com,-23,HIGH
Politifact,www.politifact.com,-4,HIGH
Politifeed,politifeed.net,30,MIXED
Politisite,politi.site,24,HIGH
Polygraph.info,www.polygraph.info,-2,VERY HIGH
Popular Resistance,popularresistance.org,-21,MIXED
Population Connection,www.populationconnection.org,-15,HIGH
Populist Wire,www.populistwire.com,28,MIXED
Portland Press-Herald,www.pressherald.com,-7,HIGH
Positive News,www.positive.news,-12,HIGH
Post-Bulletin,www.postbulletin.com,6,HIGH
Power Line,www.powerlineblog.com,24,HIGH
Poynter Institute,www.poynter.org,-4,VERY HIGH
PR Newswire,prnewswire.mediaroom.com,-1,HIGH
Pravda Report,www.pravdareport.com,-27,MIXED
Press Progress,www.pressprogress.ca,-20,HIGH
Press TV,www.presstv.com,-10,MIXED
ProCon.org,www.procon.org,-2,HIGH
Progressive Army,progressivearmy.com,-22,HIGH
Progressive Liberal,www.progressiveliberal.net,-26,MIXED
Project Censored,projectcensored.org,-19,HIGH
Project on Government Oversight,pogo.org,-4,VERY HIGH
Project Syndicate,www.project-syndicate.org,-2,HIGH
Project Veritas,projectveritas.com,30,MIXED
Propublica,www.propublica.org,-13,HIGH
Prospect Magazine,www.prospectmagazine.co.uk,-11,HIGH
Proud Conservatives,conservativesus.party,30,MIXED
Proud Democrat,proudemocrat.com,-24,MIXED
Public Citizen,www.citizen.org,-13,HIGH
Public Interest Legal Foundation,publicinterestlegal.org,23,MIXED
Public Policy Polling (PPP),www.publicpolicypolling.com,0,VERY HIGH
Public Radio International (PRI),www.pri.org,-13,HIGH
Public Religion Research Institute (PRRI),www.prri.org,2,VERY HIGH
PunchingBag Post,punchingbagpost.com,13,HIGH
PutinTrump.org,putintrump.org,-20,HIGH
Quad City Times,qctimes.com,-4,HIGH
Quadrant Magazine,quadrant.org.au,27,MIXED
Quartz,qz.com,-11,HIGH
Queerty,www.queerty.com,-20,HIGH
Quillette,quillette.com,11,HIGH
R Street Institute,www.rstreet.org,10,HIGH
Rabble.ca,rabble.ca,-25,HIGH
Radio Free Asia,www.rfa.org,-7,HIGH
Radio Free Europe / Radio Liberty,www.rferl.org,-2,HIGH
Raleigh News and Observer,www.newsobserver.com,-9,HIGH
Rand Corporation,www.rand.org,-4,HIGH
Rantt Media,rantt.com,-19,HIGH
Rapid City Journal,rapidcityjournal.com,-3,HIGH
Rappler,www.rappler.com,-18,MIXED
Rare News,rare.us,9,HIGH
Rasmussen Reports,www.rasmussenreports.com,7,HIGH
RationalWiki,rationalwiki.org,-11,HIGH
Raw Progressive,www.rawprogressive.com,-29,MIXED
Raw Story,www.rawstory.com,-23,MIXED
Reader Supported News (RSN),readersupportednews.org,-22,MIXED
Reader’s Digest,www.rd.com,20,MIXED
Reading the Pictures,www.readingthepictures.org,-20,HIGH
Reagan Battalion,www.thereaganbattalion.com,17,MIXED
Real Clear Defense,www.realcleardefense.com,10,HIGH
Real Clear Investigations,www.realclearinvestigations.com,15,MIXED
Real Clear Policy,www.realclearpolicy.com,9,HIGH
Real Clear Politics,www.realclearpolitics.com,9,HIGH
Real News Network,therealnews.com,-19,HIGH
RealClearReligion,www.realclearreligion.org,9,HIGH
Reason,reason.com,14,HIGH
Recode,www.recode.net,-1,HIGH
Red Alert Politics,redalertpolitics.com,23,MIXED
Red Flag News,www.redflagnews.com,30,MIXED
Red Pepper,www.redpepper.org.uk,-29,HIGH
Red River Valley News,www.valleynewslive.com,8,HIGH
Red State Disaster,redstatedisaster.com,-23,HIGH
Red Youth,redyouth.org,-26,MIXED
Regated News,regated.com,29,MIXED
Regulation Magazine,www.cato.org,16,MIXED
Relevant Magazine,relevantmagazine.com,3,HIGH
Religion News Service (RNS),religionnews.com,-11,HIGH
Remington Research Group,remingtonresearchgroup.com,6,HIGH
RenewedRight.com,renewedright.com,29,MIXED
Reporters Lab,reporterslab.org,-1,VERY HIGH
Reporters Without Borders,rsf.org,-5,HIGH
Represent.Us,represent.us,-5,HIGH
Republic World,www.republicworld.com,-14,MIXED
Republicans Suck,republicanssucks.org,-29,MIXED
Resilience (Post Carbon Institute),www.resilience.org,-27,MIXED
Resistance Media,www.resistancemedia.org,24,MIXED
Restore American Glory,www.restoreamericanglory.com,26,HIGH
Reuters,www.reuters.com,-3,VERY HIGH
Revcom.us,revcom.us,-29,MIXED
Reveal – Center for Investigative Reporting,www.revealnews.org,-7,HIGH
Reverb Press,reverbpress.news,-22,HIGH
Revere Press,reverepress.com,-27,HIGH
Revolution News,revolution-news.com,-20,HIGH
Rewire,rewire.news,-18,HIGH
Richmond Times-Dispatch,www.richmond.com,10,HIGH
Richochet,ricochet.com,26,MIXED
Right Web,rightweb.irc-online.org,-13,HIGH
Right Wing Watch,www.rightwingwatch.org,-26,MIXED
Ring of Fire,trofire.com,-27,HIGH
RiverBender.com,www.riverbender.com,-2,HIGH
Roanoke Times,www.roanoke.com,-8,HIGH
Roll Call,www.rollcall.com,-4,VERY HIGH
Rolling Stone,www.rollingstone.com,-16,HIGH
Ron Paul Liberty Report,www.ronpaullibertyreport.com,21,MIXED
Roosevelt Institute,rooseveltinstitute.org,-12,HIGH
RT News,www.rt.com,13,MIXED
RTE (Radio Television of Ireland),www.rte.ie,-3,HIGH
Rudaw,rudaw.net,-10,HIGH
Russia Insider,russia-insider.com,17,MIXED
Russian Media Monitor,www.russialies.com,-5,HIGH
Russian News Agency-TASS,tass.com,10,HIGH
Sacramento Bee,www.sacbee.com,-11,HIGH
Salem Radio Network News (SRN News),www.srnnews.com,8,HIGH
Salon,www.salon.com,-25,HIGH
Salt Lake Tribune,www.sltrib.com,-10,HIGH
San Antonio Express-News,www.mysanantonio.com,-9,HIGH
San Bernardino Sun,www.sbsun.com,9,HIGH
San Diego Free Press,sandiegofreepress.org,-15,HIGH
San Diego Reader,www.sandiegoreader.com,-14,HIGH
San Diego Union Tribune,www.sandiegouniontribune.com,-5,HIGH
San Francisco Chronicle,www.sfchronicle.com,-14,HIGH
San Francisco Examiner,www.sfexaminer.com,-13,HIGH
San Francisco Globe,sfglobe.com,-11,MIXED
San Jose Mercury News,www.mercurynews.com,-13,HIGH
Santa Barbara Independent,www.independent.com,-12,HIGH
Santa Maria Times,santamariatimes.com,2,HIGH
Sarasota Herald-Tribune,www.heraldtribune.com,-3,HIGH
Saskatoon StarPhoenix,thestarphoenix.com,12,HIGH
Saudi Gazette,saudigazette.com.sa,-8,HIGH
Savannah Morning News,savannahnow.com,10,HIGH
Save Jersey,savejersey.com,24,HIGH
Sayfie Review,www.sayfiereview.com,-1,HIGH
Scary Mommy,www.scarymommy.com,-18,HIGH
Science Debate,sciencedebate.org,-3,VERY HIGH
Scoopnest,www.scoopnest.com,-1,HIGH
ScoopWhoop,www.scoopwhoop.com,-17,MIXED
SCOTUSblog,www.scotusblog.com,-3,HIGH
Scroll.in,scroll.in,-10,HIGH
Seattle Post-Intelligencer,www.seattlepi.com,-13,HIGH
Seattle Times,www.seattletimes.com,-14,HIGH
Second Nexus,secondnexus.com,-15,MIXED
Secure America Now,www.secureamericanow.org,22,MIXED
Sentencing Project,www.sentencingproject.org,-15,HIGH
Sentinel KSMO,sentinelksmo.org,28,MIXED
SFGate,www.sfgate.com,-14,HIGH
Shadow Proof,shadowproof.com,-26,HIGH
Shame Project,shameproject.com,-12,HIGH
Shareably,www.shareably.net,0,HIGH
Shareblue,shareblue.com,-29,MIXED
Shorenstein Center,shorensteincenter.org,-3,HIGH
Silence is Consent,silenceisconsent.net,30,MIXED
Simple Politics,www.simplepolitics.co.uk,0,HIGH
Sinclair Broadcast Group,sbgi.net,23,MIXED
Sioux City Journal,siouxcityjournal.com,-4,HIGH
Sky News,news.sky.com,-12,HIGH
Slate,www.slate.com,-23,HIGH
SmartNews,www.smartnews.com,-4,MIXED
Smirking Chimp,www.smirkingchimp.com,-22,HIGH
Snopes,www.snopes.com,-3,HIGH
Socialist Standard,www.worldsocialism.org,-24,HIGH
SocialistWorker.org,socialistworker.org,-27,HIGH
SOFREP,sofrep.com,11,HIGH
Sojourners (Soho),sojo.net,-12,HIGH
Sonoran News,sonorannews.com,24,MIXED
SooToday.com,www.sootoday.com,-13,HIGH
SourceWatch,www.sourcewatch.org,-20,HIGH
South Bend Tribune,www.southbendtribune.com,-4,HIGH
South China Morning Post,www.scmp.com,-4,HIGH
South Florida Sun-Sentinel,www.sun-sentinel.com,8,HIGH
Southern Poverty Law Center,www.splcenter.org,-11,HIGH
Sparks/CnnTimes,www.cnntimes.online,-29,MIXED
Special Broadcasting Service (SBS),www.sbs.com.au,-8,HIGH
Spectrum News – NY1,www.ny1.com,-3,HIGH
Spectrum Report,spectrumreport.com,-1,MIXED
Spiegel Online,www.spiegel.de,-11,HIGH
Spiked Magazine,spiked-online.com,21,MIXED
Splinter,splinternews.com,-27,MIXED
Sputnik News,sputniknews.com,14,MIXED
St. Cloud Times,www.sctimes.com,-4,HIGH
St. Louis Post-Dispatch,www.stltoday.com,-10,HIGH
St. Paul Pioneer Press,www.twincities.com,-8,HIGH
St. Pete for Peace,www.stpete4peace.org,-19,HIGH
Standpoint Magazine,www.standpointmag.co.uk,29,MIXED
Star-Ledger,www.nj.com,-14,HIGH
Stars and Stripes,www.stripes.com,0,HIGH
Stat (News),www.statnews.com,-4,HIGH
Staten Island Advance,www.silive.com,-11,HIGH
Statesman Journal,www.statesmanjournal.com,8,HIGH
StepFeed,stepfeed.com,-16,MIXED
Stimson Center,stimson.org,-1,HIGH
Stock News USA,stocknewsusa.com,-4,HIGH
Stocks News Daily,stocksnewsdaily.com,-15,MIXED
StopFake,www.stopfake.org,-12,HIGH
Strategic Culture Foundation,www.strategic-culture.org,11,HIGH
StrategyPage,www.strategypage.com,2,HIGH
Stratfor,www.stratfor.com,-3,HIGH
Student Daily News,www.studentnewsdaily.com,11,HIGH
Stuff,www.stuff.co.nz,-9,HIGH
Sunlight Foundation,sunlightfoundation.com,-1,VERY HIGH
Swarajya,swarajyamag.com,11,HIGH
SWI – Swissinfo.ch,www.swissinfo.ch,-8,HIGH
Syrian Observatory for Human Rights (SOHR),www.syriahr.com,-14,HIGH
Syriana Analysis,www.syriana-analysis.com,-19,MIXED
Tablet Magazine,www.tabletmag.com,-14,HIGH
Taipei Times,www.taipeitimes.com,-4,HIGH
Taiwan News,www.taiwannews.com.tw,-4,HIGH
TakePart,www.takepart.com,-22,HIGH
Talking Points Memo,talkingpointsmemo.com,-21,HIGH
Tallahassee Democrat,www.tallahassee.com,7,HIGH
Tampa Bay Times,www.tampabay.com,-11,HIGH
Tampa Tribune,www.tbo.com,13,HIGH
Task and Purpose,taskandpurpose.com,-4,HIGH
Tasnim News Agency,www.tasnimnews.com,26,MIXED
Tax Foundation,taxfoundation.org,7,VERY HIGH
Tax Justice Network,www.taxjustice.net,-11,HIGH
Tax Policy Center,www.taxpolicycenter.org,-8,HIGH
Tea Party News (The Point),www.westernjournalism.com,30,MIXED
Tea Party Patriots,www.teapartypatriots.org,20,HIGH
Tea Party Tribune,www.teapartytribune.com,28,HIGH
TechCrunch,techcrunch.com,-14,HIGH
Techdirt,www.techdirt.com,-14,HIGH
Tehran Times,www.tehrantimes.com,22,MIXED
TeleSUR,www.telesurtv.net,-19,MIXED
Texas Monthly,www.texasmonthly.com,-12,HIGH
Texas Standard,www.texasstandard.org,-2,HIGH
Texas Tribune,www.texastribune.org,-2,HIGH
Tharawat Magazine,www.tharawat-magazine.com,8,HIGH
That’s Nonsense,www.thatsnonsense.com,-1,HIGH
The Advertiser,www.adelaidenow.com.au,30,MIXED
The Age (Australia),www.theage.com.au,-12,HIGH
The Algemeiner Journal,www.algemeiner.com,14,HIGH
The American Cause,www.theamericancause.org,30,MIXED
The American Conservative,www.theamericanconservative.com,11,HIGH
The American Independent Institute,americanindependent.com,-23,HIGH
The American Interest,www.the-american-interest.com,11,HIGH
The American Prospect,prospect.org,-23,HIGH
The Atlantic,www.theatlantic.com,-12,HIGH
The Auburn Citizen,auburnpub.com,-3,HIGH
The Augusta Chronicle,chronicle.augusta.com,17,HIGH
The Austin Chronicle,www.austinchronicle.com,-20,HIGH
The Australian Financial Review,www.afr.com,2,HIGH
The Australian,www.theaustralian.com.au,12,HIGH
The Automatic Earth,www.theautomaticearth.com,-9,HIGH
The Baffler,thebaffler.com,-13,HIGH
The Balance,www.thebalance.com,-4,HIGH
The Bangkok Post,www.bangkokpost.com,-5,HIGH
The Baxter Bulletin,www.baxterbulletin.com,-2,HIGH
The Belfer Center for Science and International Affairs,www.belfercenter.org,1,HIGH
The Blacksphere (Kevin Jackson),theblacksphere.net,28,MIXED
The Blaze,www.theblaze.com,30,MIXED
The Blue Route,www.blue-route.org,-28,MIXED
The Budapest Beacon,budapestbeacon.com,-15,HIGH
The Bureau of Investigative Journalism,www.thebureauinvestigates.com,-4,HIGH
The Burning Spear,www.theburningspear.com,-23,HIGH
The California Republican,carepublican.com,26,HIGH
The Canadian Press,www.thecanadianpress.com,-4,HIGH
The Canary (UK),www.thecanary.co,-23,HIGH
The Center on Budget and Policy Priorities,www.cbpp.org,-10,HIGH
The Century Foundation,tcf.org,-16,HIGH
The Chicago Reporter,chicagoreporter.com,-16,HIGH
The China Post,www.chinapost.com.tw,-3,HIGH
The Christian Left,www.thechristianleft.org,-15,HIGH
The Chronicle Herald,thechronicleherald.ca,11,MIXED
The Chronicle of Higher Education,www.chronicle.com,-2,HIGH
The Cipher Brief,www.thecipherbrief.com,1,HIGH
The Citizen Press,thecitizenpress.com,26,MIXED
The Citizen,www.thecitizen.org.au,-11,HIGH
The Climate Reality Project,www.climaterealityproject.org,-18,HIGH
The College Fix,www.thecollegefix.com,28,MIXED
The Conservative Nut,www.theconservativenut.gop,22,MIXED
The Conservative Woman,www.conservativewoman.co.uk,30,MIXED
The Conversation,theconversation.com,-4,HIGH
The Council of Canadians,canadians.org,-13,HIGH
The Courier Mail,www.couriermail.com.au,14,HIGH
The Courier-Journal,www.courier-journal.com,-10,HIGH
The Daily Banter,thedailybanter.com,-23,HIGH
The Daily Buzz,the-daily.buzz,-19,HIGH
The Daily Citizen (Dalton),www.daltondailycitizen.com,7,HIGH
The Daily Climate,www.dailyclimate.org,-12,HIGH
The Daily Defender,thedailydefender.com,27,MIXED
The Daily Gazette,dailygazette.com,-4,HIGH
The Daily Liberator,www.thedailyliberator.com,24,MIXED
The Daily News (Longview),tdn.com,-5,HIGH
The Daily News (Longview),tdn.com,-5,HIGH
The Daily Northwestern,dailynorthwestern.com,-4,HIGH
The Daily Progress,www.dailyprogress.com,-2,HIGH
The Daily Tarheel,www.dailytarheel.com,-12,HIGH
The Daily Telegraph (Australia),www.dailytelegraph.com.au,22,MIXED
The Daily Vox,www.thedailyvox.co.za,-21,HIGH
The Daily Wire,www.dailywire.com,29,MIXED
The Day (New London),www.theday.com,-3,HIGH
The Defcon Warning System,www.defconwarningsystem.com,1,HIGH
The Democratic Hub,www.democratichub.com,-28,MIXED
The Des Moines Register,www.desmoinesregister.com,-4,HIGH
The Diplomat Magazine,thediplomat.com,0,HIGH
The EC Journal,www.theecjournal.com,8,MIXED
The Economic Times,economictimes.indiatimes.com,-8,HIGH
The Economist,www.economist.com,1,HIGH
The Elkhart Truth,www.elkharttruth.com,-2,HIGH
The Epoch Times,www.theepochtimes.com,13,HIGH
The Establishment,theestablishment.co,-23,HIGH
The European Council on Foreign Relations (ECFR),www.ecfr.eu,-14,HIGH
The Fake News Codex,www.fakenewscodex.com,-1,HIGH
The Federalist,thefederalist.com,27,HIGH
The Fifth Column,thefifthcolumnnews.com,-15,MIXED
The Fiscal Times,www.thefiscaltimes.com,11,HIGH
The Florida Squeeze,thefloridasqueeze.com,-21,MIXED
The Forward,forward.com,-12,HIGH
The Frisky,www.thefrisky.com,-20,HIGH
The Fucking News,thefingnews.com,-23,HIGH
The Gazette (Cedar Rapids),www.thegazette.com,11,HIGH
The Globe and Mail,www.theglobeandmail.com,7,HIGH
The Guardian,www.theguardian.com,-14,HIGH
The Hartford Courant,www.courant.com,-12,HIGH
The Hayride,thehayride.com,28,HIGH
The Herald (Everett),www.heraldnet.com,-8,HIGH
The Herald Journal (Utah),news.hjnews.com,0,HIGH
The Herald-Sun (Durham/North Carolina),www.heraldsun.com,-5,HIGH
The Hill,thehill.com,-8,HIGH
The Hindu Business Line,www.thehindubusinessline.com,7,HIGH
The Hindu,newsite.thehindu.com,-8,HIGH
The Humanist Magazine,thehumanist.com,-5,HIGH
The Independent Review,www.independent.org,6,HIGH
The Independent,www.independent.co.uk,-15,HIGH
The Indian Express,indianexpress.com,-3,HIGH
The Intellectualist,theintellectualist.co,-20,HIGH
The Intercept,theintercept.com,-17,HIGH
The Irish Times,www.irishtimes.com,-8,HIGH
The Irrawaddy,www.irrawaddy.com,-13,HIGH
The Jack News,www.thejacknews.com,9,HIGH
The Jakarta Post,www.thejakartapost.com,-2,HIGH
The Jamestown Foundation,www.jamestown.org,11,HIGH
The Japan News,the-japan-news.com,8,HIGH
The Jerusalem Post,www.jpost.com,-3,HIGH
The Jerusalem Report,www.jpost.com,-12,HIGH
The Jewish Press,www.jewishpress.com,9,HIGH
The Jordan Times,www.jordantimes.com,-4,HIGH
The Journal News,www.lohud.com,-12,HIGH
The Knife,theknifemedia.com,1,HIGH
The Korea Times,www.koreatimes.co.kr,-13,MIXED
The Last Refuge (Conservative Treehouse),theconservativetreehouse.com,30,MIXED
The Libertarian Republic,thelibertarianrepublic.com,14,HIGH
The Lily,www.thelily.com,-18,HIGH
The Local (Norway),www.thelocal.no,-12,HIGH
The London Economic,www.thelondoneconomic.com,-28,MIXED
The Manila Times,www.manilatimes.net,10,HIGH
The Marshall Project,www.themarshallproject.org,-3,HIGH
The Mary Sue,www.themarysue.com,-21,HIGH
The Meme Policeman,memepoliceman.com,2,HIGH
The Middle East in London,www.soas.ac.uk,3,HIGH
The Militant,www.themilitant.com,-19,HIGH
The Millennial Review,themilreview.com,26,HIGH
The Moderate Voice,themoderatevoice.com,-3,HIGH
The Monthly (Australia),www.themonthly.com.au,-11,HIGH
The Morning Call,www.mcall.com,-3,HIGH
The Morning Star,www.morningstaronline.co.uk,-22,HIGH
The Nation Institute,www.nationinstitute.org,-14,HIGH
The Nation Pakistan,nation.com.pk,13,HIGH
The Nation,www.thenation.com,-21,HIGH
The National (UAE),www.thenational.ae,9,HIGH
The National Memo,www.nationalmemo.com,-22,HIGH
The Nevada Independent,thenevadaindependent.com,-13,HIGH
The New American,www.thenewamerican.com,23,MIXED
The New Arab,www.alaraby.co.uk,-14,HIGH
The New Atlantis,www.thenewatlantis.com,9,HIGH
The New Civil Rights Movement,www.thenewcivilrightsmovement.com,-26,MIXED
The New Tropic,thenewtropic.com,-14,HIGH
The Newly Press,newlypress.com,30,MIXED
The News (Mexico City),www.thenews.mx,-3,HIGH
The News International,www.thenews.com.pk,-4,HIGH
The News Lens,international.thenewslens.com,7,HIGH
The News Literacy Project,www.thenewsliteracyproject.org,-1,HIGH
The News Tribune,www.thenewstribune.com,-10,HIGH
The News-Times (Danbury),www.newstimes.com,-10,HIGH
The Next Web,thenextweb.com,-9,HIGH
The Objective Standard,www.theobjectivestandard.com,15,HIGH
The Observatory,observatory.journalism.wisc.edu,-3,HIGH
The Observer (UK),www.theguardian.com,-13,HIGH
The Odyssey Online,www.theodysseyonline.com,-16,MIXED
The Oklahoman,www.oklahoman.com,11,HIGH
The Olympian,www.theolympian.com,-11,HIGH
The Oslo Times,www.theoslotimes.com,-12,HIGH
The Oslo Times,www.theoslotimes.com,-12,HIGH
The Other 98%,other98.com,-25,MIXED
The Outline,theoutline.com,-19,HIGH
The Outlook (Monmouth University),outlook.monmouth.edu,-4,HIGH
The Pantagraph,www.pantagraph.com,-3,HIGH
The Patriot Post,patriotpost.us,26,MIXED
The Patriot-News,www.pennlive.com,-7,HIGH
The Phnom Penh Post,www.phnompenhpost.com,-2,HIGH
The Plain Dealer,www.cleveland.com,-12,HIGH
The Post and Courier,www.postandcourier.com,2,HIGH
The Post and Email,www.thepostemail.com,30,MIXED
The Post Millennial,www.thepostmillennial.com,23,HIGH
The Post Star,poststar.com,1,HIGH
The Press Democrat,www.pressdemocrat.com,-9,HIGH
The Press-Enterprise,www.pe.com,11,HIGH
The Progressive Frontier,progressivefrontier.com,-29,MIXED
The Progressive,www.progressive.org,-23,HIGH
The Providence Journal,www.providencejournal.com,-12,HIGH
The Pulse,pulsegulfcoast.com,-15,HIGH
The Quint,www.thequint.com,11,MIXED
The RANTidote,therantidote.com,24,MIXED
The Real Strategy,therealstrategy.com,29,MIXED
The Reality-Based Community,www.samefacts.com,-21,HIGH
The Rebel,www.therebel.media,29,MIXED
The Record (New Jersey),www.northjersey.com,-10,HIGH
The Resurgent,theresurgent.com,27,MIXED
The Right Scoop,therightscoop.com,27,MIXED
The Ringer,www.theringer.com,-12,HIGH
The Ron Paul Institute,www.ronpaulinstitute.org,21,MIXED
The Root,www.theroot.com,-22,HIGH
The Santa Fe New Mexican,www.santafenewmexican.com,-8,HIGH
The Saturday Paper,www.thesaturdaypaper.com.au,-14,HIGH
The Scotsman,www.scotsman.com,-3,HIGH
The Sentinel (Pennsylvania),cumberlink.com,-3,HIGH
The Skimm,www.theskimm.com,-4,HIGH
The Smoking Gun,www.thesmokinggun.com,7,HIGH
The Sociable,sociable.co,-3,HIGH
The Source Newspaper (La Source),thelasource.com,-24,HIGH
The Southern Illinoisan,thesouthern.com,2,HIGH
The Spectator (UK),www.spectator.co.uk,17,HIGH
The Spokesman-Review,www.spokesman.com,6,HIGH
The Star Democrat,www.stardem.com,-4,HIGH
The State,www.thestate.com,-12,HIGH
The Stern Facts,thesternfacts.com,-27,MIXED
The Straits Times,www.straitstimes.com,10,HIGH
The Stranger,www.thestranger.com,-17,HIGH
The Strategy Bridge,thestrategybridge.org,2,HIGH
The Sun Magazine,thesunmagazine.org,-15,HIGH
The Sun Magazine,thesunmagazine.org,-15,HIGH
The Sun,www.thesun.co.uk,26,MIXED
The Swedish Wire,www.swedishwire.com,-4,HIGH
The Sydney Morning Herald,www.smh.com.au,-13,HIGH
The Tab,thetab.com,-12,HIGH
The Tennessean,www.tennessean.com,11,HIGH
The Tennessee Star,tennesseestar.com,27,HIGH
The Texas Observer,www.texasobserver.org,-20,HIGH
The Times (Illinois),www.mywebtimes.com,0,HIGH
The Times and Democrat,thetandd.com,-5,HIGH
The Times Herald (Port Huron),www.thetimesherald.com,9,HIGH
The Times of London,www.thetimes.co.uk,11,HIGH
The Times-Picayune,www.nola.com,-14,HIGH
The Trace,www.thetrace.org,-11,HIGH
The Truth About Guns,www.thetruthaboutguns.com,22,HIGH
The TruthSetter,truthsetter.com,1,HIGH
The Tyee,thetyee.ca,-15,HIGH
The Varsity,thevarsity.ca,-9,HIGH
The Verge,www.theverge.com,-13,HIGH
The Village Voice,www.villagevoice.com,-19,HIGH
The Virginian-Pilot,pilotonline.com,-7,HIGH
The Walrus,thewalrus.ca,-22,HIGH
The Waterloo-Cedar Falls Courier,wcfcourier.com,-3,HIGH
The Week,theweek.com,-13,HIGH
The West Australian,thewest.com.au,12,HIGH
The Whim,www.thewhim.com,-2,HIGH
The Wilderness Society,wilderness.org,-11,HIGH
The Wire – India,thewire.in,-8,HIGH
The World Can’t Wait,worldcantwait.net,-24,HIGH
The Young Turks,tytnetwork.com,-22,HIGH
The Zero Hour,www.thisisthezerohour.com,-15,HIGH
TheGrio,thegrio.com,-21,HIGH
TheImproper Magazine,www.theimproper.com,-25,HIGH
TheJournal.ie,www.thejournal.ie,-4,HIGH
TheosWatch.com,theoswatch.com,-29,MIXED
TheWrap,www.thewrap.com,-2,MIXED
Think Progress,thinkprogress.org,-26,MIXED
Third Way,www.thirdway.org,-4,HIGH
This Magazine,this.org,-22,HIGH
Thomson Reuters Foundation,news.trust.org,-8,HIGH
ThoughtCo,www.thoughtco.com,-1,VERY HIGH
Time Magazine,time.com,-17,HIGH
Timeline,timeline.com,-7,HIGH
Times Headline,www.timesheadline.com,-11,MIXED
Times News (Pennsylvania),www.tnonline.com,7,HIGH
Times of India,timesofindia.indiatimes.com,-2,HIGH
Times of Israel,www.timesofisrael.com,-10,HIGH
Times of San Diego,timesofsandiego.com,-4,HIGH
Times of South Africa (Times Live),www.timeslive.co.za,15,MIXED
Times-Colonist,www.timescolonist.com,-13,HIGH
Times-News (Idaho),magicvalley.com,-3,HIGH
To Inform is to Influence,toinformistoinfluence.com,-12,HIGH
Today I Found Out,www.todayifoundout.com,-1,HIGH
Toledo Blade,www.toledoblade.com,6,HIGH
TomDispatch.com,www.tomdispatch.com,-13,HIGH
Topeka Capital-Journal,www.cjonline.com,7,HIGH
Toronto Star,www.thestar.com,-17,HIGH
Toronto Sun,www.torontosun.com,22,HIGH
Towleroad,www.towleroad.com,-28,MIXED
Townhall,townhall.com,24,MIXED
Transparency International,www.transparency.org,-1,VERY HIGH
Transpartisan Review,www.transpartisanreview.com,-3,HIGH
Tribune Magazine UK,www.tribunemagazine.org,-22,HIGH
Tribune News Service,tribunecontentagency.com,-3,HIGH
Tribunist,tribunist.com,29,MIXED
TRT World,www.trtworld.com,23,MIXED
True Viral News,trueviralnews.com,1,HIGH
Truth Against the Machine,truthagainstthemachine.com,-27,HIGH
Truth Be Told,truthbetold.news,-3,HIGH
Truth Out,www.truth-out.org,-29,MIXED
Truthdig,www.truthdig.com,-23,HIGH
TruthOrFiction.com,www.truthorfiction.com,-1,VERY HIGH
Tulsa World,www.tulsaworld.com,11,HIGH
Turkey and Facts (Dogruluk Payi),turkeyandfacts.com,-1,VERY HIGH
Turning Point USA,www.turningpoint.news,29,MIXED
TVW Washington State,www.tvw.org,-1,HIGH
Twitchy,twitchy.com,30,MIXED
UAWire,uawire.org,-13,MIXED
UN Watch,www.unwatch.org,26,MIXED
Unbiased America,www.unbiasedamerica.com,24,MIXED
Undark,undark.org,-3,HIGH
Unicorn Riot,www.unicornriot.ninja,-16,HIGH
United Federation of Teachers (UFT),www.uft.org,-13,HIGH
United Press International (UPI),www.upi.com,3,HIGH
United States House of Representatives (House.gov),www.house.gov,-1,VERY HIGH
Unity News Network,unitynewsnetwork.co.uk,28,MIXED
University Business,www.universitybusiness.com,-8,HIGH
Uproxx,uproxx.com,-19,HIGH
Upworthy,www.upworthy.com,-18,HIGH
Urban Institute,www.urban.org,-14,HIGH
US Government Accountability Office (GAO),www.gao.gov,-1,HIGH
US News World Report,www.usnews.com,-8,HIGH
US Political Post,theuspoliticalpost.com,-28,MIXED
US Politics Info,uspoliticsinfo.com,30,MIXED
US Uncut,usuncut.com,-33,MIXED
USA Facts,www.usafacts.org,-1,VERY HIGH
USA Politics Today,www.usapoliticstoday.com,28,MIXED
USA Spending,www.usaspending.gov,-1,VERY HIGH
USA Today,www.usatoday.com,-9,HIGH
USSA News,ussanews.com,29,MIXED
Utah Public Radio (UPR),upr.org,-7,HIGH
Utah Standard-Examiner,www.standard.net,1,HIGH
ValueWalk,www.valuewalk.com,11,HIGH
Vancouver Sun,vancouversun.com,-11,HIGH
Vanity Fair,www.vanityfair.com,-21,HIGH
Vera Files,verafiles.org,-3,VERY HIGH
Verified Politics,verifiedpolitics.com,-26,HIGH
Vermont Independent,www.vermontindependent.org,-23,MIXED
Verrit,verrit.com,-22,HIGH
Vessel News,vesselnews.io,29,MIXED
Vice News,www.vice.com,-16,MIXED
Viral Thread,www.viralthread.com,-4,MIXED
Viral Title,viraltitle.com,-27,MIXED
VivaLiberty,www.vivaliberty.com,28,MIXED
Vocativ,www.vocativ.com,-4,HIGH
Voice of America,www.voanews.com,-3,HIGH
Voice of San Diego,www.voiceofsandiego.org,-5,HIGH
Vos Iz Neias,www.vosizneias.com,-3,HIGH
Vote Smart,votesmart.org,-1,HIGH
Vote,vote.us.org,-21,MIXED
VoteVets.org,www.votevets.org,-13,HIGH
Vox,www.vox.com,-23,HIGH
Vulture,www.vulture.com,-14,HIGH
Wall Street Journal,www.wsj.com,11,HIGH
Wall Street on Parade,wallstreetonparade.com,-15,HIGH
War on the Rocks,warontherocks.com,-5,HIGH
Washington Babylon,washingtonbabylon.com,15,HIGH
Washington Blade,www.washingtonblade.com,-15,HIGH
Washington Examiner,www.washingtonexaminer.com,21,HIGH
Washington Free Beacon,freebeacon.com,28,MIXED
Washington Journal (Not C-Span),washingtonjournal.com,-27,HIGH
Washington Journal,www.c-span.org,-3,HIGH
Washington Monthly,washingtonmonthly.com,-18,HIGH
Washington Post,www.washingtonpost.com,-15,HIGH
Washington Press,washingtonpress.com,-29,MIXED
Washington Sources,washingtonsources.org,-27,MIXED
Washington Times,www.washingtontimes.com,17,HIGH
Watchdog.org,watchdog.org,15,MIXED
Waterbury Republican-American,www.rep-am.com,12,HIGH
We Are The Mighty,www.wearethemighty.com,3,HIGH
Wear Your Voice,wearyourvoicemag.com,-22,HIGH
Weasel Zippers,www.weaselzippers.us,30,MIXED
Weekly Standard,www.weeklystandard.com,23,HIGH
Western Free Press,www.westernfreepress.com,30,MIXED
Western Journal,www.westernjournal.com,29,MIXED
WestMonster,www.westmonster.com,12,HIGH
WGN News,wgntv.com,-8,HIGH
What Matters News,whatmattersnews.com,-26,HIGH
Whatfinger,www.whatfinger.com,26,MIXED
Who.What.Why,whowhatwhy.org,-21,MIXED
Wichita Eagle,www.kansas.com,6,HIGH
WikiLeaks,www.wikileaks.org,13,MIXED
WikiNews,en.wikinews.org,-2,HIGH
Wikipedia,www.wikipedia.org,-1,HIGH
WikiTribune,www.wikitribune.com,-2,HIGH
Williamsport Sun-Gazette,www.sungazette.com,10,HIGH
Windsor Star,windsorstar.com,-11,HIGH
Wings Over Scotland,wingsoverscotland.com,-16,HIGH
Winona Daily News,www.winonadailynews.com,-3,HIGH
Winston-Salem Journal,www.journalnow.com,10,HIGH
WION (World is One News),www.wionews.com,-3,MIXED
Wired Magazine,www.wired.com,-13,HIGH
Wisconsin State Journal,host.madison.com,-2,HIGH
WNYC,www.wnyc.org,-11,HIGH
Wonkette,wonkette.com,-26,MIXED
Woodrow Wilson International Center for Scholars,www.wilsoncenter.org,-3,VERY HIGH
Workers World,www.workers.org,-27,MIXED
World Affairs Journal,www.worldaffairsjournal.org,-8,HIGH
World Economic Forum,www.weforum.org,-4,HIGH
World Magazine,world.wng.org,24,MIXED
World Net Daily (WND),www.wnd.com,29,MIXED
World News,wn.com,1,HIGH
World Policy Institute,www.worldpolicy.org,-14,HIGH
World Politics Review,www.worldpoliticsreview.com,5,HIGH
World Press Review,worldpress.org,-2,VERY HIGH
World Resources Institute (WRI),www.wri.org,-3,VERY HIGH
World Socialist Web Site,www.wsws.org,-24,HIGH
World Tribune,worldtribune.com,22,HIGH
WorldCrunch,www.worldcrunch.com,-11,HIGH
WRAL,www.wral.com,-3,HIGH
Xinhua News Agency,www.xinhuanet.com,-13,MIXED
Yahoo.com,www.yahoo.com,-14,MIXED
Yahoo.com,news.yahoo.com,-14,MIXED
YellowHammer News,yellowhammernews.com,20,HIGH
Yes Magazine,www.yesmagazine.org,-22,HIGH
YnetNews,www.ynetnews.com,-14,HIGH
York Daily Record,www.ydr.com,-7,HIGH
Young America’s Foundation (YAF),www.yaf.org,23,HIGH
Young Conservatives,www.youngcons.com,30,MIXED
Your Black World,yourblackworld.net,-22,MIXED
Youth Radio,youthradio.org,-10,HIGH
Z Magazine,zcomm.org,-22,HIGH
ZDF (Zweites Deutsches Fernsehen),www.zdf.de,-5,HIGH
